{"cameraMode":{"drawMode":0,"name":"Shaded","section":"Shading Mode"},"sceneLighting":true,"audioPlay":false,"sceneViewState":{"showFog":true,"showMaterialUpdate":true,"showSkybox":true,"showFlares":true,"showImageEffects":true,"showParticleSystems":true},"in2DMode":false,"pivot":{"x":-3.9678943157196047,"y":-29.44732093811035,"z":1.8880072832107545},"rotation":{"x":0.5573254823684692,"y":-0.3969229757785797,"z":0.34387654066085818,"w":0.6431416869163513},"size":16.353178024291993,"orthographic":false}